"Customer_ID","Age","Income","Credit_Score","Credit_Utilization","Missed_Payments","Delinquent_Account","Loan_Balance","Debt_to_Income_Ratio","Employment_Status","Account_Tenure","Credit_Card_Type","Location","Month_1","Month_2","Month_3","Month_4","Month_5","Month_6"
"CUST0001","56","165580","398","0.39050192860024","3","0","16310","0.31739611496857","EMP","18","Student","Los Angeles","Late","Late","Missed","Late","Missed","Late"
"CUST0002","69","100999","493","0.31244403322602","6","1","17401","0.19609264336082","Self-employed","0","Standard","Phoenix","Missed","Missed","Late","Missed","On-time","On-time"
"CUST0003","46","188416","500","0.35993023850841","0","0","13761","0.30165493989091","Self-employed","1","Platinum","Chicago","Missed","Late","Late","On-time","Missed","Late"
"CUST0004","32","101672","413","0.37140035530382","3","0","88778","0.26479443922881","Unemployed","15","Platinum","Phoenix","Late","Missed","Late","Missed","Late","Late"
"CUST0005","60","38524","487","0.2347158626282","2","0","13316","0.51058348253485","Self-employed","11","Standard","Phoenix","Missed","On-time","Missed","Late","Late","Late"
"CUST0006","25","84042","700","0.65054042971452","6","0","48361","0.26068788108001","Unemployed","7","Gold","New York","On-time","Late","Missed","Missed","Missed","Late"
"CUST0007","38","35056","354","0.39058094052258","3","0","4638","0.48426513728833","employed","17","Platinum","New York","On-time","Missed","Missed","Late","Missed","Late"
"CUST0008","56","123215","415","0.53271466711773","5","0","55776","0.35869522911834","EMP","1","Student","New York","On-time","On-time","On-time","Late","Missed","Late"
"CUST0009","36","66991","405","0.41303484761795","5","1","","0.21985410292703","Employed","12","Student","Phoenix","On-time","On-time","On-time","Missed","Late","On-time"
"CUST0010","40","34870","679","0.36182391754276","4","0","93922","0.33308109252598","EMP","5","Business","Los Angeles","On-time","Missed","Missed","On-time","Missed","Missed"
"CUST0011","28","42532","340","0.83445584721737","4","0","82909","0.26955902536622","Unemployed","5","Student","Chicago","On-time","Late","Missed","Missed","On-time","Late"
"CUST0012","28","70479","679","0.68458643644188","3","0","75777","0.32421574907412","Unemployed","8","Business","Chicago","On-time","Missed","Missed","Late","On-time","Late"
"CUST0013","41","56975","320","0.12635992000897","0","0","15171","0.22861090125667","EMP","15","Standard","Los Angeles","Late","Late","Missed","Late","On-time","On-time"
"CUST0014","70","117023","528","0.10517251033282","5","0","95136","0.46901776333459","retired","10","Standard","Los Angeles","On-time","Missed","Missed","Missed","On-time","On-time"
"CUST0015","53","143148","617","0.7085217671273","0","0","2593","0.39253980907967","Unemployed","6","Standard","Chicago","Late","Missed","Late","Late","Late","Late"
"CUST0016","57","159356","601","0.39602932169025","0","0","1514","0.30317815681616","Self-employed","9","Gold","Houston","Missed","On-time","Late","Missed","Missed","Late"
"CUST0017","41","146484","543","0.17018353321315","3","0","74039","0.47291147680695","Self-employed","9","Gold","New York","Late","Missed","On-time","Missed","Missed","Late"
"CUST0018","20","183152","823","0.70914702650807","0","1","28018","0.30742792440828","Unemployed","19","Business","New York","On-time","On-time","Late","Late","On-time","Late"
"CUST0019","39","81040","831","0.53382481001982","5","0","16034","0.40976249648612","Unemployed","17","Student","Chicago","Missed","On-time","On-time","Late","On-time","Missed"
"CUST0020","70","181319","486","0.55031421696646","2","0","2420","0.30383005875224","retired","19","Student","Los Angeles","Late","Missed","Late","Late","Late","Missed"
"CUST0021","19","199402","783","0.66190785440118","4","0","43942","0.33938875948106","Self-employed","8","Standard","Houston","Late","Late","On-time","On-time","On-time","Late"
"CUST0022","41","40351","690","0.23800456834352","2","1","2200","0.29185612190572","Unemployed","14","Platinum","Chicago","Missed","Missed","On-time","On-time","Late","Missed"
"CUST0023","61","154487","321","0.17369983572317","0","0","81757","0.30953013538739","Unemployed","3","Gold","New York","Late","On-time","On-time","On-time","Late","On-time"
"CUST0024","47","108468","538","0.81619085898064","2","1","","0.3170531860388","retired","7","Gold","Phoenix","Late","Late","Late","On-time","Late","Late"
"CUST0025","55","41646","847","0.21256664785154","5","0","28018","0.23302681675116","retired","8","Standard","Los Angeles","On-time","Missed","Missed","Missed","Late","Late"
"CUST0026","19","193998","515","0.25555244058489","5","0","","0.25989313330769","EMP","12","Gold","Phoenix","Late","Missed","On-time","Late","Missed","On-time"
"CUST0027","38","89740","789","0.29551292409085","0","0","89660","0.27832449835138","retired","8","Standard","Chicago","Missed","On-time","Missed","Missed","Missed","On-time"
"CUST0028","50","136790","525","0.9159891847381","3","0","43870","0.32297110168023","Employed","3","Business","New York","Missed","On-time","Late","Late","Missed","On-time"
"CUST0029","29","86726","588","0.5986766600823","2","0","","0.29694209804965","Self-employed","16","Student","Houston","Late","Late","Missed","On-time","Late","On-time"
"CUST0030","39","88523","523","0.69308159488708","3","0","29561","0.41730325338257","EMP","15","Platinum","Phoenix","Late","On-time","On-time","On-time","Late","On-time"
"CUST0031","61","72458","374","0.53923350911574","3","0","60530","0.38471183189796","Employed","14","Student","Houston","On-time","Missed","Late","Missed","On-time","Missed"
"CUST0032","42","60106","385","0.37962255775975","1","0","46663","0.28036724439746","Unemployed","2","Student","New York","On-time","Late","Late","On-time","On-time","Missed"
"CUST0033","66","106362","806","0.62625825665203","0","1","11308","0.43817838974519","Unemployed","19","Business","Phoenix","Late","Late","Late","Late","Late","On-time"
"CUST0034","44","99076","440","0.18867680584064","4","0","99005","0.48730206235754","EMP","4","Gold","Houston","Missed","Late","Late","Missed","On-time","Missed"
"CUST0035","59","69693","316","0.2809433095807","5","1","60278","0.1","retired","4","Platinum","Houston","On-time","Missed","Late","Late","On-time","Late"
"CUST0036","45","137402","464","0.6465950358523","5","0","65119","0.39322900850663","Unemployed","19","Gold","Phoenix","Missed","Missed","Missed","On-time","On-time","On-time"
"CUST0037","33","53756","521","0.22854895383464","0","0","36029","0.23070158026685","employed","14","Student","New York","Late","Missed","Missed","On-time","On-time","Missed"
"CUST0038","32","181319","467","0.46218370616762","6","0","62010","0.38007480213233","EMP","17","Standard","Houston","Missed","On-time","On-time","On-time","Missed","On-time"
"CUST0039","64","183152","823","0.47129753112892","6","0","87164","0.42382379406464","Employed","14","Student","Chicago","Late","On-time","Late","Missed","Missed","On-time"
"CUST0040","68","97750","352","0.39426759933257","6","0","91432","0.21230074054894","EMP","1","Gold","Phoenix","On-time","Late","Late","On-time","On-time","On-time"
"CUST0041","61","","372","0.10977630503023","4","0","44454","0.11476729009842","Self-employed","12","Student","Los Angeles","Late","Missed","Late","On-time","Late","Late"
"CUST0042","72","81617","359","0.37421422176226","5","0","11564","0.38354340882159","retired","3","Standard","Los Angeles","Late","On-time","Late","On-time","Missed","Missed"
"CUST0043","69","","792","0.3350063246135","0","1","11155","0.31354024824836","retired","9","Business","New York","On-time","Late","Late","Late","Missed","Missed"
"CUST0044","74","66991","601","0.53228797265754","5","0","31198","0.13315612460974","EMP","12","Gold","Chicago","On-time","Late","On-time","Missed","Missed","Late"
"CUST0045","20","106267","751","0.52209810773989","3","0","86447","0.55295645054628","Unemployed","9","Student","Houston","On-time","Missed","On-time","Late","On-time","Late"
"CUST0046","54","59238","401","0.57559229198737","2","1","","0.36244194122565","Unemployed","8","Gold","Los Angeles","On-time","Late","Missed","Missed","Late","On-time"
"CUST0047","68","153311","326","0.36480274540512","2","0","5626","0.36701000401251","employed","7","Business","New York","Missed","Missed","On-time","Late","Missed","Late"
"CUST0048","24","146800","637","0.60455559009318","5","0","2687","0.4365817752562","employed","2","Student","Chicago","On-time","Late","On-time","Missed","On-time","On-time"
"CUST0049","38","97750","691","0.18879865344526","1","0","63375","0.24191760471535","retired","15","Student","Chicago","Late","On-time","On-time","On-time","Missed","Late"
"CUST0050","26","118033","469","0.13561905346953","4","0","92865","0.31304541120887","employed","13","Gold","New York","Late","Missed","Missed","Late","On-time","Missed"
"CUST0051","56","169865","336","0.05","6","0","92183","0.16806780862202","Employed","8","Gold","New York","Missed","Late","On-time","Late","Late","On-time"
"CUST0052","35","109074","383","0.4001405520856","4","0","","0.23920515527148","employed","10","Standard","Houston","Late","Missed","Late","Late","Missed","On-time"
"CUST0053","21","185806","823","0.34934035513229","4","0","","0.33856600004692","Employed","2","Business","New York","Missed","Missed","Late","On-time","On-time","Missed"
"CUST0054","42","194819","339","0.65786312237092","3","0","29427","0.13347153328675","employed","4","Standard","Houston","Late","Missed","On-time","On-time","On-time","Missed"
"CUST0055","31","90353","711","0.37026748259023","4","0","69342","0.23637104543219","retired","9","Student","Houston","Late","On-time","On-time","On-time","Late","Late"
"CUST0056","67","198401","715","0.55467526958885","2","0","17401","0.20720660400623","retired","12","Gold","Phoenix","On-time","Late","Late","On-time","Late","Late"
"CUST0057","26","76629","673","0.66265931531662","3","0","35372","0.31420922456203","Employed","3","Student","Chicago","On-time","Late","Late","Late","Missed","On-time"
"CUST0058","43","107193","843","0.36273618487018","0","0","70793","0.35747012616653","EMP","12","Student","Chicago","Missed","Missed","Missed","Missed","Late","On-time"
"CUST0059","70","81040","401","0.55961044202143","4","0","63443","0.37421528043765","retired","11","Platinum","Chicago","Late","Missed","Missed","Missed","Late","Missed"
"CUST0060","19","","538","0.70038550979104","4","0","37445","0.39988166447781","EMP","4","Platinum","Phoenix","On-time","Late","Missed","Late","Missed","On-time"
"CUST0061","37","140899","826","0.25236744503889","0","1","64950","0.43721168465724","Unemployed","9","Student","Houston","On-time","Missed","Late","Missed","Missed","On-time"
"CUST0062","45","184160","475","0.50497046764893","4","0","49893","0.36072454536834","Employed","8","Gold","Houston","Late","Missed","On-time","On-time","Missed","Missed"
"CUST0063","64","155507","801","0.36359312336014","0","0","81202","0.48873358988944","retired","19","Student","New York","Missed","Late","Late","On-time","Late","On-time"
"CUST0064","24","109074","739","0.26510202350137","3","0","54247","0.31195025212647","Self-employed","6","Platinum","Phoenix","Missed","Missed","Missed","Missed","On-time","Missed"
"CUST0065","61","43251","773","0.19270965190195","2","0","86488","0.28266788457495","Unemployed","1","Gold","New York","On-time","Missed","Late","On-time","On-time","Late"
"CUST0066","25","117634","815","0.26187028556426","0","0","95267","0.360730736336","EMP","6","Student","Phoenix","Missed","On-time","Missed","Missed","Late","Missed"
"CUST0067","64","","612","0.5120058011504","1","0","99005","0.27835888250074","retired","7","Business","New York","On-time","Late","On-time","Missed","On-time","On-time"
"CUST0068","52","172164","600","0.17783110888765","0","0","7468","0.4852564728775","Employed","6","Business","Los Angeles","Missed","Missed","On-time","Late","Late","Missed"
"CUST0069","31","","796","0.38985459518227","4","0","85026","0.41309834731352","employed","13","Student","Chicago","Missed","Late","Missed","Late","Late","Missed"
"CUST0070","34","81617","822","0.66263888137058","6","0","24917","0.37502781441995","Self-employed","18","Gold","Chicago","Late","Missed","On-time","On-time","On-time","Missed"
"CUST0071","53","196415","797","0.58980219268379","6","1","77348","0.31314193440414","EMP","4","Student","Houston","On-time","On-time","Missed","Missed","On-time","Late"
"CUST0072","67","159572","371","0.39389847541237","3","0","16310","0.25925228285851","Unemployed","17","Student","Los Angeles","Missed","On-time","On-time","Missed","On-time","On-time"
"CUST0073","57","136465","567","0.83793808267174","5","0","95303","0.37013250045678","Employed","19","Platinum","Chicago","Late","Late","Missed","On-time","On-time","Missed"
"CUST0074","21","36447","448","0.87860728278233","3","0","13355","0.1872902548153","Self-employed","11","Business","Houston","On-time","On-time","Missed","Late","On-time","Missed"
"CUST0075","19","159188","835","0.50522448630795","5","0","96507","0.4534363533441","Employed","16","Platinum","Los Angeles","On-time","On-time","On-time","Missed","On-time","On-time"
"CUST0076","23","181267","542","0.05","6","0","24851","0.28223632946146","retired","12","Platinum","Chicago","Missed","Missed","Late","Missed","Late","On-time"
"CUST0077","71","","611","0.67728963940325","6","0","23908","0.33051067332407","employed","1","Student","New York","Late","Missed","Late","On-time","Missed","Missed"
"CUST0078","59","59425","577","0.05","0","0","65548","0.20903989238067","Unemployed","12","Platinum","Phoenix","Missed","On-time","On-time","On-time","On-time","On-time"
"CUST0079","21","97844","728","0.79522922214401","2","0","82909","0.37229862631192","Employed","6","Business","Los Angeles","On-time","Missed","On-time","Late","On-time","Late"
"CUST0080","71","115235","427","0.71671698014846","1","0","31454","0.25462583871617","EMP","9","Platinum","Houston","Missed","On-time","Late","On-time","On-time","Late"
"CUST0081","46","189358","824","0.8548425008276","3","0","4617","0.36492287903051","retired","5","Business","Los Angeles","Missed","Late","Late","On-time","Late","On-time"
"CUST0082","35","88847","686","0.55205311167354","4","0","92329","0.37573934689774","retired","2","Platinum","Houston","Late","Late","Missed","On-time","Late","Late"
"CUST0083","43","172504","835","0.42772284656363","5","0","28298","0.23523678864115","Unemployed","2","Business","Los Angeles","On-time","Missed","Late","Late","Missed","Missed"
"CUST0084","61","115235","820","0.40997977326196","4","0","10942","0.1876470879086","retired","17","Platinum","Houston","Late","Late","Missed","Late","Late","Late"
"CUST0085","51","186230","336","0.39074796579382","2","0","51440","0.45318999165445","EMP","10","Platinum","Chicago","On-time","Missed","Late","On-time","Late","On-time"
"CUST0086","27","80215","572","0.69621373073494","5","0","12707","0.28077009659709","Employed","19","Gold","New York","Missed","Missed","On-time","Late","Missed","On-time"
"CUST0087","53","141131","601","0.64245429790118","3","1","92865","0.32248488160456","Unemployed","4","Business","Chicago","On-time","Missed","On-time","Late","On-time","Missed"
"CUST0088","31","188416","680","0.52404512668684","0","0","35598","0.34854645246467","retired","18","Business","New York","On-time","Late","On-time","Late","Missed","On-time"
"CUST0089","48","129585","458","0.3555637384146","4","0","51431","0.17462998701018","retired","18","Business","Chicago","On-time","Late","Missed","Late","Missed","On-time"
"CUST0090","65","127856","361","1.02584252626","2","0","2200","0.34626661368199","EMP","14","Standard","Chicago","On-time","Late","On-time","Missed","Missed","On-time"
"CUST0091","32","90353","664","0.68247492279257","3","0","20525","0.30991265361546","employed","15","Platinum","Los Angeles","On-time","Late","Late","On-time","On-time","Late"
"CUST0092","25","18709","444","0.18045761604532","6","0","44437","0.23564693022956","employed","8","Business","Phoenix","Missed","Late","Late","On-time","On-time","Late"
"CUST0093","31","90353","372","0.39674879681257","6","0","59192","0.18434640151623","retired","3","Standard","Houston","Late","Late","Missed","On-time","Missed","On-time"
"CUST0094","40","","439","0.68635521948174","3","0","17401","0.36058855479573","Employed","14","Gold","Houston","On-time","Late","Missed","On-time","On-time","Late"
"CUST0095","74","35056","648","0.34009221575346","3","0","67236","0.41277120081949","Unemployed","11","Business","Houston","Missed","Late","Missed","Missed","Missed","On-time"
"CUST0096","57","90353","306","0.57030959176518","3","0","11251","0.31785905173928","retired","2","Business","New York","On-time","Late","Missed","Late","Missed","Missed"
"CUST0097","38","121357","742","0.69015926006723","5","0","8110","0.15655346581503","Self-employed","13","Standard","Houston","On-time","On-time","Missed","Missed","On-time","On-time"
"CUST0098","33","152326","383","0.05","3","0","10778","0.19426671828253","Unemployed","16","Platinum","Houston","Missed","Late","On-time","On-time","Missed","On-time"
"CUST0099","62","189197","639","0.47839246004215","4","1","50183","0.25678762906759","employed","18","Gold","Los Angeles","Missed","Late","On-time","Missed","On-time","Late"
"CUST0100","35","54298","495","0.48624183071302","2","0","13355","0.45646197411607","retired","5","Business","Chicago","Late","Missed","Missed","Late","Late","Late"
"CUST0101","64","106007","820","0.41758550886324","5","0","11061","0.27532493379011","EMP","3","Platinum","Houston","On-time","Late","Missed","Late","Late","Missed"
"CUST0102","70","155734","563","0.56033902698921","3","0","79354","0.25314310772018","Self-employed","6","Gold","Phoenix","Late","Missed","Missed","Missed","Missed","On-time"
"CUST0103","41","163216","429","0.63150392149917","1","1","","0.13265152003239","retired","18","Student","Houston","Late","Missed","Late","Late","Missed","On-time"
"CUST0104","43","107658","679","0.52841018886492","1","0","60628","0.23433152098899","Employed","16","Student","New York","Late","On-time","Late","Late","Missed","Missed"
"CUST0105","42","178165","383","0.42523452119011","2","0","","0.17670636460092","Self-employed","15","Gold","New York","Missed","On-time","Missed","On-time","On-time","Late"
"CUST0106","62","99076","340","0.62652425995685","6","0","30443","0.19968201690772","retired","14","Standard","New York","Late","Late","Late","Missed","Missed","Missed"
"CUST0107","58","117023","339","0.50981068185487","0","0","42556","0.31199506801587","Employed","7","Gold","Houston","On-time","On-time","Late","Late","Late","On-time"
"CUST0108","46","127816","820","0.4538599173609","0","0","94000","0.25988357943888","Self-employed","18","Gold","Los Angeles","Missed","Missed","Late","On-time","On-time","Missed"
"CUST0109","32","19748","354","0.23754412293222","6","0","29584","0.46994944526713","Employed","7","Standard","Phoenix","Missed","Late","On-time","Late","Missed","Late"
"CUST0110","62","170026","523","0.18746904294678","5","0","64950","0.40780033727075","Employed","17","Standard","Houston","Missed","Missed","On-time","Late","On-time","On-time"
"CUST0111","18","43732","474","0.23375404145719","5","0","76774","0.23911160621897","Self-employed","15","Platinum","Los Angeles","Missed","Missed","On-time","Late","Late","Late"
"CUST0112","42","16015","332","0.55566581224404","5","0","8828","0.20831821582595","Self-employed","19","Platinum","Los Angeles","Late","Missed","Late","Late","Late","On-time"
"CUST0113","24","153311","475","0.48418425047873","0","1","692","0.43826419356642","Employed","18","Standard","Houston","Missed","Late","Late","Late","Missed","On-time"
"CUST0114","26","","725","0.20394318035851","1","0","77743","0.46600424894835","employed","9","Student","Houston","On-time","Late","Late","Late","On-time","On-time"
"CUST0115","41","138961","826","0.62918356515876","0","0","32588","0.1","Self-employed","16","Student","Los Angeles","On-time","On-time","Missed","Late","Missed","Late"
"CUST0116","18","121884","","0.77486190263582","4","0","","0.30928576239717","retired","12","Gold","Los Angeles","On-time","Late","Late","Late","Missed","Late"
"CUST0117","61","19835","629","0.38030127665673","3","1","55980","0.27481216921033","Unemployed","12","Business","Los Angeles","Late","Late","Missed","Missed","Missed","Missed"
"CUST0118","25","84724","655","0.15180362852633","5","0","22510","0.36491201400599","EMP","6","Gold","Houston","Late","Late","On-time","Late","On-time","Late"
"CUST0119","41","125448","644","0.35817472301962","1","1","82909","0.49426681241615","Employed","9","Gold","Los Angeles","On-time","Late","On-time","Missed","Late","Missed"
"CUST0120","28","134156","584","0.67089212535894","2","0","30509","0.25159429806722","Employed","1","Business","New York","Late","Missed","Late","Late","On-time","Missed"
"CUST0121","68","190333","526","0.60970597170695","2","0","","0.1","EMP","3","Standard","Houston","Missed","On-time","Missed","On-time","On-time","Missed"
"CUST0122","34","125226","354","0.3155134627977","3","0","35598","0.35790077001493","employed","5","Student","New York","Late","On-time","On-time","Late","Missed","On-time"
"CUST0123","25","80953","623","0.80423442755295","1","1","71588","0.43899640686042","EMP","17","Gold","Chicago","On-time","On-time","Missed","Missed","On-time","Missed"
"CUST0124","52","129692","522","0.76965601318528","0","0","36955","0.26962402184802","Self-employed","5","Business","Houston","Late","On-time","On-time","Late","On-time","Late"
"CUST0125","52","199402","427","0.35339878734467","0","1","","0.22949625198603","EMP","16","Platinum","Chicago","On-time","On-time","Late","On-time","Missed","Missed"
"CUST0126","50","90880","800","0.35134199940701","4","1","89537","0.25627405946223","Employed","13","Gold","Los Angeles","On-time","On-time","Missed","Late","On-time","Late"
"CUST0127","22","118081","623","0.3814344125241","4","0","16034","0.38502053671312","EMP","10","Student","Los Angeles","Late","On-time","Late","Missed","Late","On-time"
"CUST0128","59","115497","693","0.39853344492229","0","0","89537","0.2545539058715","Unemployed","18","Standard","Phoenix","On-time","Late","Late","Missed","Missed","Late"
"CUST0129","56","199402","777","0.69010760158569","2","1","96507","0.33287603003428","retired","1","Gold","Los Angeles","Late","Missed","On-time","Missed","Missed","Missed"
"CUST0130","58","166836","781","0.58506581209532","5","0","76445","0.30278029157399","Self-employed","2","Gold","Chicago","On-time","On-time","Missed","Missed","Late","Missed"
"CUST0131","45","187627","766","0.67541575387012","2","0","20052","0.29246203875772","EMP","10","Business","Los Angeles","On-time","On-time","On-time","On-time","Missed","Late"
"CUST0132","24","73141","717","0.63471302863734","4","0","36913","0.37012923267522","Employed","5","Platinum","Houston","Late","Late","Missed","Late","Missed","On-time"
"CUST0133","26","180983","427","0.84290541363875","3","0","77209","0.25214201001358","retired","13","Platinum","Los Angeles","Missed","Late","Missed","Late","Missed","Late"
"CUST0134","25","168772","388","0.28812289123817","0","1","94363","0.25694134398177","Self-employed","18","Standard","Phoenix","Missed","On-time","On-time","Missed","Missed","Missed"
"CUST0135","29","16252","441","0.57607170607678","4","0","96056","0.37976028499997","Employed","15","Student","Los Angeles","Late","On-time","Late","On-time","Missed","Late"
"CUST0136","51","118333","346","0.06523574875306","4","0","20081","0.20130746758313","employed","6","Standard","Chicago","On-time","On-time","Missed","Missed","Missed","Late"
"CUST0137","50","192247","387","0.23660888518063","5","0","28730","0.21197798091777","Unemployed","7","Gold","Chicago","Missed","Missed","On-time","Missed","On-time","On-time"
"CUST0138","65","199294","505","0.48502932281303","0","0","85107","0.17396857086564","employed","18","Gold","Los Angeles","Late","Late","Missed","Missed","On-time","On-time"
"CUST0139","72","138961","402","0.58364132255091","5","1","42556","0.38490109132765","Unemployed","19","Platinum","Chicago","Missed","On-time","On-time","Late","Late","On-time"
"CUST0140","40","129548","794","0.47963685159409","0","0","16693","0.28947630319187","EMP","15","Student","Chicago","On-time","On-time","On-time","Late","Late","On-time"
"CUST0141","41","58088","567","0.38656151623746","5","0","10951","0.16863848539209","Self-employed","6","Business","Phoenix","On-time","Late","Missed","On-time","Missed","On-time"
"CUST0142","54","30485","617","0.42211642450139","2","0","76861","0.38538085623091","EMP","8","Student","Houston","Late","On-time","Missed","Late","Missed","Late"
"CUST0143","52","178165","823","0.77388819528482","3","0","19977","0.24444578384246","Unemployed","12","Gold","Phoenix","On-time","Late","On-time","Missed","On-time","Late"
"CUST0144","61","77292","414","0.42319356442397","3","1","60348","0.21283219211631","Unemployed","0","Business","New York","On-time","Late","Missed","On-time","On-time","On-time"
"CUST0145","57","","694","0.8498483244087","0","0","3494","0.2804321441123","Unemployed","7","Student","Phoenix","On-time","Missed","On-time","Missed","Late","On-time"
"CUST0146","39","41790","681","0.65880341470823","1","0","17913","0.44787236094679","retired","3","Student","Los Angeles","Missed","Late","On-time","Late","Late","Missed"
"CUST0147","44","31364","757","0.59150746922965","6","0","10942","0.26050378035034","Employed","2","Business","Houston","Late","On-time","Late","Missed","Late","On-time"
"CUST0148","52","129692","826","0.2612806179358","4","1","5539","0.35753388641156","Self-employed","2","Gold","Los Angeles","Missed","Late","Missed","Late","Late","Late"
"CUST0149","18","15404","588","0.68704763227993","4","0","91432","0.3727080020451","EMP","12","Student","New York","On-time","On-time","On-time","Late","On-time","On-time"
"CUST0150","52","32955","302","0.4012458844503","0","0","19796","0.34432732980064","EMP","7","Business","Houston","Late","On-time","On-time","Late","On-time","Late"
"CUST0151","54","53513","328","0.26111204839886","5","0","95276","0.42710716496743","employed","6","Gold","Chicago","On-time","Late","Late","Missed","Late","Missed"
"CUST0152","64","189197","524","0.60256872261588","1","1","6118","0.22928839953677","Unemployed","0","Business","Phoenix","On-time","Missed","On-time","Late","On-time","Late"
"CUST0153","31","97986","326","0.22241078788669","2","0","34897","0.19566651569497","Unemployed","15","Business","Los Angeles","On-time","Late","Missed","On-time","Missed","Missed"
"CUST0154","20","","718","0.34755170757408","5","0","39006","0.1937033343975","Unemployed","5","Student","New York","On-time","Missed","Missed","Late","Late","Missed"
"CUST0155","18","116570","823","0.49797681770622","5","0","36342","0.28555315847002","EMP","6","Gold","Chicago","Missed","Missed","Missed","Late","Late","Late"
"CUST0156","22","119185","711","0.94368428482294","0","0","44454","0.20529533421595","employed","11","Student","Phoenix","Late","Missed","On-time","Late","Missed","Missed"
"CUST0157","43","136465","823","0.3626168488415","0","0","92381","0.31475409118653","Employed","8","Standard","Chicago","On-time","Late","Late","Late","Late","Missed"
"CUST0158","72","21801","805","0.40835669613988","4","1","95267","0.30769884197249","retired","10","Standard","Phoenix","On-time","On-time","Late","Late","Missed","Missed"
"CUST0159","31","15404","316","0.64646901088433","0","0","71791","0.4018573303186","Self-employed","9","Gold","Houston","Late","On-time","On-time","On-time","Missed","On-time"
"CUST0160","56","54081","566","0.25234086232479","0","0","43927","0.3291144308236","Employed","0","Business","Chicago","On-time","Late","Missed","On-time","Late","On-time"
"CUST0161","44","74494","319","0.58856127620418","0","0","48397","0.25838481441386","EMP","17","Student","Chicago","On-time","Late","Missed","On-time","On-time","Late"
"CUST0162","26","89740","385","0.74118536152332","4","0","96485","0.34108492044327","retired","3","Student","Chicago","Late","Missed","Missed","Late","On-time","Late"
"CUST0163","32","116570","402","0.43858102305778","2","0","26000","0.19698059801021","retired","4","Gold","Houston","Missed","Missed","On-time","Late","Late","Late"
"CUST0164","32","117795","670","0.70523085627937","2","1","14417","0.29618593119757","retired","8","Gold","New York","Missed","Missed","On-time","Missed","On-time","On-time"
"CUST0165","43","97844","391","0.55828998464236","6","0","","0.33194012335956","Unemployed","16","Standard","Phoenix","Missed","Late","Late","Missed","Missed","Late"
"CUST0166","59","100999","457","0.35386360723924","6","0","50989","0.31293175981501","Self-employed","2","Platinum","Chicago","Missed","Missed","Late","On-time","Late","Missed"
"CUST0167","30","21970","328","0.4604390628207","0","0","85107","0.3415065094936","EMP","15","Gold","Houston","On-time","On-time","Missed","Missed","Late","On-time"
"CUST0168","68","185883","604","0.42404853200395","6","0","13761","0.23559539842872","EMP","4","Platinum","New York","On-time","Late","Missed","Missed","On-time","Late"
"CUST0169","49","53513","339","0.4824723484367","4","0","26549","0.41520314028095","retired","15","Gold","Phoenix","On-time","Late","Missed","On-time","Missed","Late"
"CUST0170","56","150230","766","0.53054357984397","2","0","5539","0.48221689493957","EMP","2","Business","Houston","On-time","Missed","On-time","On-time","Late","On-time"
"CUST0171","66","38959","310","0.61763998699437","5","1","67460","0.13973238551414","Self-employed","19","Business","Phoenix","Missed","Late","Late","Missed","Late","On-time"
"CUST0172","69","172504","677","0.60173364991743","2","0","98999","0.17844020040458","Self-employed","14","Standard","Chicago","Missed","On-time","On-time","Missed","On-time","Late"
"CUST0173","49","101188","818","0.05","2","0","74403","0.30430830080244","employed","2","Standard","New York","On-time","On-time","Missed","On-time","On-time","Late"
"CUST0174","21","47217","383","0.48053836224559","4","1","31316","0.27434490194471","employed","19","Platinum","Houston","On-time","Late","On-time","Missed","Missed","Missed"
"CUST0175","47","72458","407","0.19811561731865","6","0","37445","0.48964124057728","Employed","13","Gold","New York","Late","Missed","Missed","Late","Late","Late"
"CUST0176","54","76476","788","0.44485454950653","5","0","69963","0.32197843234245","Self-employed","15","Student","Chicago","On-time","Missed","Late","Missed","Missed","Late"
"CUST0177","40","159356","339","0.47524208243782","4","0","68636","0.4392545253726","Self-employed","16","Standard","New York","Late","On-time","Missed","On-time","Missed","Late"
"CUST0178","56","165580","447","0.69522967161694","0","0","","0.1","Self-employed","19","Student","New York","Late","Late","Late","Late","On-time","On-time"
"CUST0179","62","108610","446","0.49397690657998","3","0","11061","0.38141694833323","employed","17","Student","Los Angeles","Late","Late","Missed","Late","On-time","Missed"
"CUST0180","32","182280","467","0.55184360366865","2","0","74433","0.22844831807417","retired","17","Gold","New York","Late","Late","On-time","Late","Missed","Missed"
"CUST0181","60","127816","638","0.65861127613148","3","0","50183","0.22684574303803","retired","13","Platinum","Phoenix","On-time","Missed","Late","Missed","On-time","Late"
"CUST0182","46","149415","605","0.74555045196386","4","0","30549","0.27516419735879","EMP","17","Gold","Houston","Late","Late","On-time","Missed","Missed","On-time"
"CUST0183","53","120616","469","0.47539721532862","4","0","69666","0.15754163602689","retired","14","Standard","Los Angeles","Late","Missed","Late","Missed","On-time","Missed"
"CUST0184","30","199943","429","0.51883588833608","4","0","10951","0.34427855253218","Unemployed","14","Student","Houston","Late","Late","Late","Missed","Late","Missed"
"CUST0185","49","178551","811","0.50200466044845","3","0","47721","0.31907149667168","employed","5","Gold","Houston","On-time","Late","On-time","Missed","Late","Late"
"CUST0186","24","68932","792","0.39148020711378","4","0","84521","0.32661922481873","Self-employed","14","Gold","Chicago","On-time","On-time","Missed","Late","Late","On-time"
"CUST0187","68","23702","401","0.34617695531152","0","0","31198","0.38870310221329","retired","17","Gold","Chicago","Late","Late","Missed","On-time","On-time","On-time"
"CUST0188","39","","826","0.05","4","1","7796","0.45147820461942","employed","3","Standard","Los Angeles","Missed","On-time","Late","On-time","On-time","Late"
"CUST0189","45","67528","526","0.28466781309513","1","0","64950","0.26362889509124","retired","7","Platinum","Chicago","On-time","On-time","On-time","Late","Missed","Late"
"CUST0190","19","162851","523","0.14427383335804","6","0","44437","0.34773506397365","Employed","14","Gold","Chicago","Missed","On-time","On-time","Late","On-time","Late"
"CUST0191","59","183513","800","0.75103969689065","3","1","49016","0.3292988208335","Self-employed","2","Standard","Chicago","Missed","On-time","Late","Late","Late","On-time"
"CUST0192","62","42192","301","0.53768320165949","1","0","","0.33776145063289","Employed","14","Student","Houston","Missed","Missed","Late","Missed","On-time","Late"
"CUST0193","74","32019","475","0.47481220541063","4","0","22835","0.3392597664466","Self-employed","12","Business","Los Angeles","On-time","On-time","On-time","On-time","Missed","Missed"
"CUST0194","70","67638","612","0.35650296278378","0","0","34897","0.45905033445648","employed","8","Standard","Houston","Missed","Late","Missed","Missed","Missed","Missed"
"CUST0195","23","198401","820","0.50595585264692","2","1","42556","0.25403231315107","EMP","1","Business","Phoenix","Missed","Missed","Missed","Late","On-time","Late"
"CUST0196","45","153429","836","0.33040402446893","5","0","","0.14742640967963","retired","7","Gold","Houston","Late","On-time","Missed","Late","Late","Missed"
"CUST0197","45","141020","670","0.53480371132412","6","0","39259","0.23021262313841","retired","19","Gold","Phoenix","On-time","Late","On-time","Missed","Late","Missed"
"CUST0198","61","59238","847","0.54914679658427","5","1","22835","0.37572669335354","Unemployed","16","Standard","New York","On-time","Missed","Missed","On-time","On-time","On-time"
"CUST0199","61","88847","751","0.32772325952865","4","0","72809","0.30233295086472","Employed","12","Business","New York","Missed","Late","Late","On-time","Missed","Missed"
"CUST0200","37","69098","648","0.32390760703552","6","0","85014","0.2532400659505","retired","0","Gold","Phoenix","Late","Late","Missed","On-time","On-time","Late"
"CUST0201","47","62295","383","0.69243987091902","6","0","49016","0.19235027315903","employed","1","Student","Phoenix","On-time","Late","Late","Late","Missed","On-time"
"CUST0202","28","164143","310","0.48942800914174","0","0","95376","0.32212861217305","EMP","14","Platinum","Houston","Missed","Missed","Missed","Missed","On-time","Missed"
"CUST0203","72","143778","352","0.34379591414702","6","0","10778","0.36445062752738","employed","11","Platinum","Phoenix","Missed","On-time","Late","Late","Missed","Late"
"CUST0204","45","154487","725","0.4258987396621","3","0","95930","0.3305872055096","Employed","13","Gold","Los Angeles","Missed","Late","Late","Missed","Missed","Missed"
"CUST0205","42","107658","836","0.29788118265868","1","0","27697","0.2746669668845","Unemployed","1","Business","New York","Late","Missed","On-time","Late","Late","On-time"
"CUST0206","56","166456","522","0.48656328386762","1","1","33772","0.31466412842975","retired","17","Gold","New York","On-time","On-time","Missed","Late","Missed","On-time"
"CUST0207","50","36447","610","0.66632566153289","1","0","42637","0.31408429665574","employed","6","Business","Phoenix","On-time","Missed","Missed","Late","Late","Late"
"CUST0208","18","165159","679","0.49446586648115","3","0","3081","0.31896969312177","Self-employed","5","Student","Chicago","Missed","Missed","On-time","On-time","Late","On-time"
"CUST0209","74","","709","0.97272668873508","5","0","","0.18156950489809","EMP","13","Business","Chicago","On-time","On-time","Missed","Missed","Missed","On-time"
"CUST0210","44","40934","566","0.5842719136098","0","0","8828","0.31973263506149","employed","7","Gold","Phoenix","On-time","On-time","On-time","Missed","Missed","Missed"
"CUST0211","74","58088","701","0.54599088956844","6","0","1217","0.25594035315338","EMP","1","Student","Los Angeles","Late","On-time","Missed","Missed","On-time","On-time"
"CUST0212","69","149415","618","0.31833957380684","3","0","83604","0.40406186060097","retired","16","Standard","Chicago","Late","Late","Missed","On-time","On-time","Missed"
"CUST0213","30","84836","776","0.45229331063147","1","0","82909","0.31329186417503","Self-employed","4","Platinum","Phoenix","Late","On-time","Late","On-time","Missed","On-time"
"CUST0214","58","97986","792","0.34419723139326","4","0","13761","0.38354792218229","Unemployed","13","Gold","Los Angeles","Missed","Late","On-time","On-time","Late","Missed"
"CUST0215","20","166836","600","0.066870954319175","2","0","47695","0.26982186129502","Unemployed","19","Gold","Los Angeles","On-time","Missed","Late","On-time","On-time","On-time"
"CUST0216","56","191517","781","0.69485244442576","6","0","11564","0.27342861623885","Self-employed","2","Gold","Houston","Late","On-time","On-time","On-time","Late","Missed"
"CUST0217","23","38289","682","0.39770988888995","3","0","43870","0.44942512462563","EMP","4","Student","Los Angeles","On-time","Missed","On-time","Missed","Missed","Missed"
"CUST0218","25","115497","617","0.34791998513334","3","0","92149","0.34363351884155","retired","15","Standard","Chicago","On-time","Late","Late","On-time","Missed","Missed"
"CUST0219","44","72108","339","0.54211400679169","0","0","23748","0.22854854675943","employed","17","Business","Chicago","On-time","On-time","Late","Missed","On-time","Missed"
"CUST0220","26","54298","836","0.6024999104443","0","0","15424","0.38969744386205","Self-employed","16","Standard","Phoenix","On-time","Missed","Late","Missed","Missed","Missed"
"CUST0221","54","187312","825","0.43584503341874","3","0","21613","0.24666952665721","Employed","10","Student","Phoenix","Late","Missed","On-time","Late","Missed","Late"
"CUST0222","50","146456","768","0.4994796664782","1","1","41743","0.32256981378115","EMP","16","Gold","Los Angeles","Late","Late","Missed","Missed","On-time","Late"
"CUST0223","68","52131","565","0.64923748146288","2","0","24851","0.48366746308594","Unemployed","15","Platinum","New York","Missed","On-time","Late","On-time","Late","Late"
"CUST0224","59","88963","572","0.42796128107801","6","0","41958","0.15687176123619","Self-employed","1","Gold","Houston","On-time","Missed","On-time","Late","Missed","On-time"
"CUST0225","61","","535","0.56046674835267","0","0","98062","0.28242180782335","Unemployed","3","Business","New York","Late","On-time","On-time","Late","Late","Missed"
"CUST0226","41","180983","776","0.16815107632217","6","0","14756","0.3408271640902","EMP","6","Platinum","Los Angeles","Missed","On-time","On-time","Late","Late","Late"
"CUST0227","32","20569","823","0.25173620031445","1","0","11061","0.37646983346647","Unemployed","1","Gold","Los Angeles","Late","Late","Missed","Missed","On-time","Missed"
"CUST0228","71","150683","820","0.62110795561608","6","0","11308","0.17587660926391","Self-employed","5","Platinum","New York","Missed","Missed","Missed","On-time","Missed","Late"
"CUST0229","49","","753","0.24128827216654","4","0","62010","0.1464209731425","EMP","16","Standard","Houston","Late","Late","On-time","Late","Missed","Missed"
"CUST0230","49","191615","659","0.54682750942266","0","1","73327","0.40907493519904","Employed","6","Student","New York","Missed","Missed","On-time","Late","Missed","On-time"
"CUST0231","41","165580","629","0.47060024356058","1","0","96167","0.22795851431962","Self-employed","4","Gold","Phoenix","Late","On-time","Missed","Late","Late","On-time"
"CUST0232","58","70284","696","0.42710654749595","1","1","2882","0.22377174920027","employed","4","Business","Chicago","On-time","On-time","Late","Late","On-time","Late"
"CUST0233","69","127816","781","0.33430744620645","2","0","32588","0.45502496727722","retired","19","Standard","Phoenix","Late","On-time","Late","Late","Missed","Missed"
"CUST0234","66","85390","617","0.68186800362108","2","0","11061","0.30697023147318","Self-employed","15","Gold","Chicago","Late","On-time","On-time","Missed","Missed","Missed"
"CUST0235","66","74101","561","0.84597823090397","4","0","42715","0.30762382276816","EMP","18","Standard","Los Angeles","Missed","Late","Missed","Missed","Missed","Missed"
"CUST0236","69","127816","345","0.56003843252004","1","0","2926","0.28202005548485","retired","8","Business","Houston","Late","Late","On-time","Missed","Late","Missed"
"CUST0237","29","178273","363","0.56449814313456","5","0","98999","0.17760179332568","Self-employed","4","Gold","New York","On-time","Missed","Missed","On-time","Missed","Missed"
"CUST0238","56","61540","731","0.3635338740285","1","1","75777","0.36756969493944","Employed","7","Business","Houston","On-time","Missed","On-time","Missed","On-time","On-time"
"CUST0239","19","170576","729","0.26078055363512","2","0","29561","0.34094505219256","Employed","8","Platinum","New York","On-time","Late","On-time","Missed","Missed","Late"
"CUST0240","20","191615","332","0.49205221903877","5","0","44439","0.31686913253394","employed","4","Business","Phoenix","On-time","On-time","Missed","On-time","Late","On-time"
"CUST0241","66","138961","563","0.30525007040838","0","0","33772","0.28836769607237","Unemployed","9","Platinum","Phoenix","On-time","Late","Missed","Late","Missed","Missed"
"CUST0242","54","114657","522","0.14547797433683","0","0","31481","0.27076803506617","retired","1","Gold","New York","Late","Missed","Late","On-time","Missed","Late"
"CUST0243","66","76813","749","0.66068916247312","6","0","29584","0.39124833895474","EMP","8","Platinum","Houston","On-time","On-time","Late","Late","On-time","Late"
"CUST0244","73","48307","319","0.67043335765037","3","0","","0.28587069367939","EMP","10","Gold","New York","Late","On-time","Late","Late","Missed","Late"
"CUST0245","34","193677","380","0.32823224540938","2","0","83604","0.29359389614661","Unemployed","3","Gold","Los Angeles","Late","On-time","Missed","On-time","Missed","Missed"
"CUST0246","66","186334","521","0.54879286425585","3","0","20052","0.35298931548838","Employed","1","Student","Phoenix","Missed","Late","Missed","Missed","On-time","Late"
"CUST0247","19","74163","623","0.70039045355835","5","0","15424","0.32079609306804","Employed","5","Gold","Los Angeles","Missed","Late","Missed","Late","Late","On-time"
"CUST0248","19","102235","412","0.54100533741237","2","1","26649","0.46422760575404","Self-employed","13","Platinum","Phoenix","On-time","Late","On-time","On-time","On-time","Late"
"CUST0249","45","27763","655","0.26136907078025","4","0","52425","0.12386332225267","employed","0","Student","Phoenix","On-time","On-time","Late","Late","Missed","Late"
"CUST0250","71","39285","818","0.45342131735258","1","0","99620","0.32999074383673","retired","17","Student","Chicago","Missed","On-time","Missed","Missed","On-time","On-time"
"CUST0251","40","66991","337","0.7653618840084","4","0","23431","0.22943942195278","employed","6","Gold","Los Angeles","Missed","Missed","On-time","Late","Late","Missed"
"CUST0252","54","185883","663","0.54940532872102","5","1","95074","0.20579134652451","employed","0","Business","Los Angeles","Missed","On-time","Missed","Late","On-time","Late"
"CUST0253","49","119185","635","0.60782642063656","2","0","31674","0.25429357939557","Self-employed","0","Business","Chicago","Missed","Missed","Late","Missed","Late","On-time"
"CUST0254","50","98042","847","0.56832584387382","5","1","90739","0.30546794084818","employed","0","Student","Houston","On-time","Missed","Late","Missed","Missed","On-time"
"CUST0255","18","116042","544","0.32889772840435","1","0","30509","0.30990690759234","Unemployed","3","Gold","Los Angeles","Missed","Late","On-time","On-time","Missed","Missed"
"CUST0256","36","95219","535","0.37583095614347","0","0","41594","0.14826937843215","Self-employed","3","Business","New York","On-time","Missed","Missed","On-time","On-time","Late"
"CUST0257","19","155734","524","0.56777303141035","0","0","3142","0.24589161703222","Unemployed","17","Gold","Chicago","On-time","On-time","On-time","On-time","Late","Missed"
"CUST0258","70","116042","608","0.66337435600408","5","1","63443","0.32812215514764","Self-employed","10","Gold","Los Angeles","Late","On-time","Missed","Late","Missed","On-time"
"CUST0259","61","109456","354","0.71998099018358","3","0","8526","0.21230695492163","employed","0","Student","Houston","Late","Missed","On-time","Missed","On-time","Missed"
"CUST0260","43","70284","405","0.32837889104636","2","0","10778","0.18852160952835","Unemployed","9","Student","Los Angeles","Late","Missed","Missed","On-time","Missed","On-time"
"CUST0261","49","61540","777","0.58662410693544","2","0","15171","0.1","Unemployed","8","Standard","Phoenix","On-time","Missed","Late","On-time","On-time","Late"
"CUST0262","23","93752","350","0.7374088223438","0","0","11942","0.23368065516246","Unemployed","3","Business","New York","On-time","Missed","On-time","Late","Missed","Late"
"CUST0263","49","42350","341","0.3025836459424","6","0","83022","0.18503708010492","Self-employed","5","Business","Chicago","Late","Missed","Missed","Late","Missed","Missed"
"CUST0264","72","97750","414","0.79734942715995","4","0","72332","0.20160671168899","EMP","15","Business","Phoenix","Late","Missed","Late","Missed","On-time","Missed"
"CUST0265","21","142016","445","0.82778816546884","6","1","65548","0.27281796967203","employed","1","Platinum","Houston","Late","On-time","Missed","Late","Late","On-time"
"CUST0266","72","16062","584","1.0250172679243","1","0","92285","0.24001711234571","Unemployed","17","Gold","Phoenix","Missed","Late","Missed","Missed","On-time","Late"
"CUST0267","28","75692","534","0.546186688166","4","0","48397","0.18337621061407","retired","9","Student","Phoenix","Missed","Missed","Late","Late","Missed","Late"
"CUST0268","73","158087","669","0.54728493525249","4","0","68998","0.1","EMP","16","Business","Houston","Late","Late","Missed","On-time","Missed","Late"
"CUST0269","34","53765","736","0.66539887782346","5","0","52413","0.33023113051476","retired","12","Standard","Phoenix","Missed","Missed","On-time","On-time","Missed","Late"
"CUST0270","55","198062","766","0.65956053460988","0","0","50989","0.37528272138085","employed","17","Business","Chicago","Missed","Missed","On-time","Missed","Late","Late"
"CUST0271","41","38049","648","0.72527337219912","6","0","44016","0.26032550210056","employed","12","Gold","Los Angeles","Late","Missed","Late","On-time","Missed","Missed"
"CUST0272","22","166222","762","0.65680663609302","6","0","29416","0.27342243035457","Unemployed","16","Gold","Phoenix","Late","Missed","Missed","Late","Late","Late"
"CUST0273","69","","423","0.47878761819239","0","1","","0.30028105156861","Unemployed","4","Student","Chicago","Missed","Late","Missed","Late","Missed","Missed"
"CUST0274","51","193031","670","0.7443994241947","6","1","80150","0.45787835766122","Self-employed","10","Platinum","Los Angeles","On-time","On-time","Missed","Missed","Late","Missed"
"CUST0275","23","189358","823","0.28574917006145","0","0","2687","0.14322922061742","EMP","6","Student","Los Angeles","Late","On-time","On-time","Late","Late","Late"
"CUST0276","39","101188","694","0.50117046734507","5","1","23685","0.25855102741274","EMP","9","Business","Phoenix","Late","Late","On-time","Late","On-time","Missed"
"CUST0277","28","","421","0.81274712320996","3","0","77719","0.12780270358673","Unemployed","16","Standard","Chicago","On-time","Missed","Missed","Late","Missed","On-time"
"CUST0278","65","54749","407","0.24995070037594","4","0","44439","0.33623184587355","employed","14","Student","Phoenix","Missed","Missed","On-time","On-time","On-time","Late"
"CUST0279","33","","418","0.36450486860057","5","0","37905","0.2856041606212","Unemployed","17","Platinum","Houston","Missed","On-time","Late","Missed","Missed","On-time"
"CUST0280","50","65990","622","0.63434945821546","2","0","99005","0.32029921129361","employed","18","Student","Los Angeles","Missed","Missed","Missed","Missed","Late","Missed"
"CUST0281","26","42350","825","0.57878239464723","1","0","46813","0.31531225625911","employed","1","Gold","Phoenix","Late","Late","Late","Missed","Missed","Late"
"CUST0282","23","42350","823","0.32499491846875","3","1","","0.39907082537035","Unemployed","3","Business","Los Angeles","On-time","Missed","Missed","Late","Late","Missed"
"CUST0283","33","116570","452","0.41676119945397","2","0","50989","0.35381329645685","Employed","2","Business","Chicago","Missed","On-time","Missed","On-time","Late","Missed"
"CUST0284","46","159572","724","0.26384358746993","4","1","74433","0.38305079576601","EMP","6","Business","New York","On-time","On-time","On-time","On-time","Late","Missed"
"CUST0285","20","116570","739","0.69609699990411","6","0","52331","0.19344653101031","retired","17","Business","Phoenix","Late","Late","On-time","Late","Late","Missed"
"CUST0286","37","190333","700","0.44882372846589","0","0","41958","0.41931708649751","employed","9","Business","Phoenix","Late","Missed","On-time","On-time","Late","On-time"
"CUST0287","53","32955","482","0.85843118215213","4","1","45089","0.2277637260511","employed","6","Business","Los Angeles","Missed","Missed","Late","Late","Late","Missed"
"CUST0288","36","141131","385","0.516220048808","5","0","63375","0.2335130457376","Employed","7","Standard","Chicago","On-time","Missed","Late","On-time","On-time","On-time"
"CUST0289","43","68682","579","0.45605193931942","1","0","86965","0.3270842577353","retired","5","Platinum","Houston","Missed","On-time","Late","Late","On-time","Missed"
"CUST0290","20","16062","658","0.43663564774164","5","0","67673","0.33019182630493","Self-employed","0","Business","Chicago","Late","On-time","On-time","Missed","Late","On-time"
"CUST0291","36","","836","0.45116003296151","3","0","70406","0.19281431977675","Employed","3","Platinum","Phoenix","Late","Late","Late","Late","Late","Late"
"CUST0292","37","155734","315","0.52216421902676","3","0","84521","0.28267207082261","retired","13","Business","Houston","Missed","Late","Missed","On-time","Missed","Missed"
"CUST0293","49","38061","316","1.0024815153157","1","0","95267","0.44882353168695","Employed","16","Student","Chicago","Late","Late","Late","Late","Missed","Missed"
"CUST0294","24","","436","0.43222806598013","2","0","45595","0.15316634384659","employed","19","Business","New York","Late","Late","On-time","Missed","On-time","Missed"
"CUST0295","69","43251","515","0.43872930784574","2","1","52331","0.44852192410127","EMP","17","Gold","Los Angeles","Missed","Missed","On-time","Late","Late","On-time"
"CUST0296","58","90353","658","0.51311876913664","3","0","82714","0.27583015485835","Employed","10","Standard","Chicago","Missed","Missed","Late","Missed","Late","Missed"
"CUST0297","50","81234","310","0.71805490126885","3","0","79552","0.1","Self-employed","13","Student","Chicago","On-time","On-time","On-time","On-time","Missed","On-time"
"CUST0298","57","19835","793","0.21580308778544","6","0","41653","0.16332682665171","Unemployed","8","Student","New York","Late","On-time","Late","On-time","Missed","Missed"
"CUST0299","56","","673","0.59101854738193","0","1","89660","0.20365224622648","retired","14","Gold","Phoenix","Late","Missed","On-time","Late","Missed","On-time"
"CUST0300","35","","321","0.33651496479577","6","0","62342","0.23760706992173","Employed","11","Business","Los Angeles","Missed","Late","Late","Late","Missed","On-time"
"CUST0301","57","159188","415","0.61065453779019","6","0","52259","0.28952867413747","Employed","9","Standard","Chicago","Missed","Late","Late","Missed","On-time","Late"
"CUST0302","18","70479","834","0.40124801152791","2","0","82789","0.1","Self-employed","18","Student","Houston","Missed","Late","Late","Late","Missed","Late"
"CUST0303","28","119573","700","0.05","1","0","52217","0.31868043924777","EMP","18","Standard","Chicago","Missed","Late","Late","Missed","On-time","Missed"
"CUST0304","45","81234","584","0.5739155205375","2","0","9859","0.19449094916751","Employed","5","Student","Los Angeles","Late","Late","Missed","Missed","Missed","Late"
"CUST0305","74","149415","591","0.57222895406937","0","0","52217","0.4390522571601","Employed","19","Business","Chicago","Late","Missed","On-time","On-time","On-time","Late"
"CUST0306","42","136465","595","0.38418393830411","5","0","75316","0.2729823279256","EMP","5","Student","New York","Late","Late","Late","On-time","Missed","On-time"
"CUST0307","67","53494","591","0.3723312279714","3","0","12176","0.39428461717327","Self-employed","7","Student","Chicago","On-time","On-time","Late","Missed","Late","On-time"
"CUST0308","40","","307","0.23772545498247","3","0","71588","0.41103489799143","retired","0","Platinum","Chicago","Missed","Late","On-time","Missed","Missed","Missed"
"CUST0309","48","70479","385","0.65461998830777","0","1","99005","0.40832732434662","retired","16","Business","Houston","Missed","Late","On-time","Late","Late","On-time"
"CUST0310","47","90697","682","0.67644315649336","6","1","46720","0.24335932570375","Employed","16","Gold","New York","Late","Missed","Missed","Late","On-time","Late"
"CUST0311","59","19835","374","0.32418982296482","1","0","82909","0.24207998422787","EMP","14","Gold","New York","Late","Late","On-time","Missed","Late","On-time"
"CUST0312","52","176426","320","0.39201310809223","3","1","31674","0.27750267007117","Employed","6","Business","Chicago","Missed","Late","Missed","Missed","Late","Missed"
"CUST0313","24","194208","321","0.48734217577221","4","0","62253","0.36362373753789","Unemployed","18","Gold","Houston","Missed","On-time","On-time","On-time","Late","Late"
"CUST0314","33","181267","494","0.95417305620711","6","0","15938","0.24893047302458","retired","2","Business","Chicago","On-time","Missed","Late","On-time","Late","On-time"
"CUST0315","43","77292","316","0.60902434951779","3","0","612","0.28807375264098","employed","10","Gold","Chicago","Late","Late","Missed","Missed","Late","Late"
"CUST0316","65","32019","419","0.31131689699832","4","0","13355","0.32735938163394","Unemployed","19","Platinum","Los Angeles","Late","On-time","Late","On-time","On-time","On-time"
"CUST0317","74","102235","557","0.5607560618981","0","0","10778","0.20951080739521","Employed","18","Gold","Los Angeles","On-time","On-time","Late","Missed","Missed","On-time"
"CUST0318","69","120891","749","0.22466169187238","0","1","66118","0.20318917116709","Self-employed","8","Student","Houston","On-time","Late","On-time","On-time","Missed","Late"
"CUST0319","66","33017","625","0.64359806198323","6","0","30443","0.2841736118596","retired","9","Business","Phoenix","Missed","Missed","Missed","Late","On-time","On-time"
"CUST0320","19","53765","446","0.8351094787089","3","1","86846","0.29741788149516","employed","1","Standard","Los Angeles","Late","Missed","On-time","On-time","Missed","On-time"
"CUST0321","18","53513","391","0.83595833701679","2","0","82382","0.34338854800016","Unemployed","0","Standard","Phoenix","Missed","On-time","Late","Missed","Missed","Late"
"CUST0322","65","184160","316","0.64697870069487","4","0","95303","0.36718865749516","retired","15","Business","New York","Late","On-time","On-time","Late","Late","On-time"
"CUST0323","29","70393","715","0.38331752882637","1","0","87110","0.19009371794283","EMP","17","Platinum","Los Angeles","Missed","On-time","Missed","Missed","Missed","On-time"
"CUST0324","22","193352","471","0.23981964869717","3","0","80430","0.21879150680564","Self-employed","16","Gold","Los Angeles","On-time","On-time","On-time","On-time","Missed","On-time"
"CUST0325","54","137402","358","0.21995899132618","1","0","32615","0.20292477124369","Unemployed","5","Platinum","Houston","Missed","On-time","Missed","Late","On-time","Late"
"CUST0326","49","18709","534","0.05","3","0","62561","0.44124474015914","EMP","13","Standard","Phoenix","On-time","Missed","On-time","Missed","Missed","Missed"
"CUST0327","72","153311","696","0.63877115260158","2","0","3081","0.28797294097975","Employed","14","Business","Los Angeles","Late","Late","Missed","On-time","Missed","Late"
"CUST0328","26","106267","471","0.47943289595512","2","0","43927","0.3016129295245","EMP","13","Business","Los Angeles","Missed","Missed","Missed","Late","Missed","Missed"
"CUST0329","58","179506","461","0.68184323329063","6","0","32615","0.30577743640135","Unemployed","2","Platinum","Houston","On-time","Missed","Late","Missed","On-time","Late"
"CUST0330","52","26174","556","0.78560629704696","6","0","92183","0.22843299862824","Unemployed","18","Platinum","Houston","Late","On-time","On-time","Late","On-time","On-time"
"CUST0331","36","43251","644","0.51998110878048","2","0","39259","0.4564269518946","Employed","11","Gold","Phoenix","On-time","Missed","Missed","On-time","Missed","Late"
"CUST0332","65","81234","326","0.52919232194263","5","0","17023","0.34110266548187","EMP","1","Student","New York","On-time","Late","Late","Late","Missed","On-time"
"CUST0333","33","85640","522","0.40713593110051","2","0","80150","0.30395905297779","EMP","2","Student","New York","Missed","Late","Late","Missed","On-time","Late"
"CUST0334","20","67638","498","0.43078311656552","0","0","27446","0.18947435788494","Employed","17","Gold","Chicago","Missed","Late","On-time","On-time","On-time","Missed"
"CUST0335","37","81234","339","0.64569398249459","0","1","91557","0.18380675083438","EMP","0","Student","Los Angeles","On-time","On-time","Late","On-time","Missed","Late"
"CUST0336","41","159356","658","0.46512499392694","5","0","44449","0.26910924683942","retired","19","Standard","Phoenix","Missed","Missed","Late","Missed","Missed","Late"
"CUST0337","71","150230","627","0.43619846664944","4","1","31316","0.23000082064282","Employed","5","Student","Los Angeles","On-time","Late","On-time","On-time","On-time","Late"
"CUST0338","73","120570","820","0.49633662811143","1","0","61186","0.19325556544534","Self-employed","4","Gold","Phoenix","On-time","Missed","Late","Late","On-time","Missed"
"CUST0339","50","117795","591","0.67726603921232","3","1","51016","0.26290419804284","Unemployed","0","Student","Phoenix","Late","Missed","Missed","Late","Missed","Late"
"CUST0340","41","62295","715","0.36146768843398","3","1","86488","0.27835719717241","Self-employed","18","Business","Phoenix","Late","Late","On-time","Missed","Late","Missed"
"CUST0341","69","70479","361","0.48669429648959","5","0","11308","0.31417854204603","retired","0","Platinum","Los Angeles","On-time","Late","Late","Missed","Late","Missed"
"CUST0342","28","166836","495","0.54905556755569","0","0","62253","0.24960805286257","retired","15","Standard","Houston","Missed","Missed","On-time","Late","Late","Missed"
"CUST0343","66","18267","541","0.73204438071705","6","0","","0.199239930534","employed","11","Business","Los Angeles","Late","On-time","Missed","Late","Missed","On-time"
"CUST0344","25","118333","486","0.45214064464012","3","0","72809","0.20270791140087","employed","7","Business","Phoenix","On-time","On-time","On-time","On-time","Missed","Late"
"CUST0345","53","119573","465","0.35643532278966","0","0","89660","0.42129727292262","employed","15","Gold","Chicago","On-time","Missed","On-time","On-time","On-time","Late"
"CUST0346","55","136790","655","0.40312781114553","4","0","42551","0.17482423136382","Employed","0","Platinum","New York","On-time","On-time","On-time","Late","Missed","Missed"
"CUST0347","57","117023","700","0.71061148660308","1","0","89537","0.33631822982913","EMP","3","Platinum","Phoenix","On-time","Late","Missed","Missed","Missed","Missed"
"CUST0348","37","112007","416","0.90666105972069","4","0","56061","0.35195463297744","retired","9","Standard","Chicago","Late","On-time","Late","On-time","Late","On-time"
"CUST0349","52","99665","789","0.23724843726279","5","0","76567","0.28787245241643","Self-employed","10","Gold","Houston","Missed","On-time","Missed","Missed","On-time","On-time"
"CUST0350","65","38289","493","0.28093967698603","2","0","79013","0.47678290584052","Self-employed","16","Standard","Phoenix","On-time","Missed","Late","Late","On-time","Late"
"CUST0351","42","167424","341","0.46624064265957","2","1","52259","0.35017189930277","Self-employed","6","Student","Chicago","Missed","On-time","Late","On-time","Late","Missed"
"CUST0352","52","98613","820","0.52219121921361","2","0","2200","0.48429030483046","Self-employed","11","Business","Phoenix","Missed","Late","Late","Late","Late","Missed"
"CUST0353","42","176426","736","0.657393913111","4","0","47695","0.23489359980851","employed","6","Standard","Los Angeles","Missed","Missed","Late","Late","On-time","Missed"
"CUST0354","46","33017","622","0.3217733982797","3","0","86828","0.23660545901066","Self-employed","11","Business","Chicago","On-time","Missed","On-time","Missed","Missed","Late"
"CUST0355","35","52744","700","0.28737819267011","1","0","24623","0.352753715868","EMP","14","Gold","Los Angeles","Missed","On-time","Missed","On-time","On-time","Late"
"CUST0356","63","149415","385","0.52761743062673","2","1","4265","0.27385343626808","employed","1","Student","Los Angeles","On-time","On-time","Missed","Late","Missed","Late"
"CUST0357","35","32955","359","0.44831985595857","5","1","77348","0.4685665424892","Self-employed","13","Gold","Chicago","Missed","On-time","Missed","On-time","Late","Missed"
"CUST0358","19","36677","611","0.68534419955431","5","1","11251","0.33417003836309","Employed","12","Student","New York","Missed","On-time","Late","On-time","Late","On-time"
"CUST0359","71","198062","538","0.59747196063808","2","0","25807","0.19554257801433","Unemployed","3","Student","Chicago","On-time","On-time","Missed","Missed","On-time","Missed"
"CUST0360","52","137402","617","0.61107586952664","2","0","78035","0.1263183591456","Unemployed","13","Business","New York","Missed","On-time","On-time","Missed","Late","Late"
"CUST0361","33","38524","311","0.47910373072463","1","0","68998","0.29217614076567","Unemployed","13","Gold","Phoenix","On-time","Missed","Late","On-time","On-time","Missed"
"CUST0362","58","180421","679","0.97111605171364","2","0","53553","0.29108768704668","employed","15","Gold","Phoenix","Late","Missed","Late","On-time","On-time","Late"
"CUST0363","53","107193","316","0.33245040368125","1","1","86447","0.33137659233084","Self-employed","6","Standard","Chicago","Missed","Missed","Missed","Missed","Late","Missed"
"CUST0364","50","21949","682","0.62216196675096","5","0","31449","0.42106905737559","retired","18","Gold","Phoenix","Late","On-time","On-time","Late","Missed","Late"
"CUST0365","21","34870","622","0.24606200258538","2","0","13761","0.40791133039939","retired","1","Standard","Houston","Missed","On-time","Late","Late","On-time","Late"
"CUST0366","50","59811","475","0.28530646445211","4","0","23125","0.24210989676636","retired","9","Platinum","Los Angeles","Missed","On-time","Late","Missed","Missed","On-time"
"CUST0367","31","42350","389","0.37853088024691","6","0","50310","0.17061805981956","employed","17","Platinum","Los Angeles","Missed","On-time","On-time","Missed","Late","Late"
"CUST0368","38","118081","523","0.8258646673236","4","0","74288","0.17658788649909","EMP","16","Platinum","New York","Late","Missed","Late","Late","On-time","Missed"
"CUST0369","65","28807","728","0.5527788860908","5","0","24670","0.22631982946786","Employed","4","Gold","Phoenix","Late","On-time","Missed","On-time","On-time","On-time"
"CUST0370","37","","459","0.38190438629112","1","0","62561","0.2633268451961","Employed","11","Gold","New York","On-time","Missed","On-time","Late","Late","Missed"
"CUST0371","73","","384","0.57488726519091","4","0","91970","0.33050621389652","Unemployed","5","Standard","Los Angeles","Late","Late","Late","Missed","Missed","Missed"
"CUST0372","25","90353","643","0.5070295762849","1","0","88423","0.2199032403104","Unemployed","8","Student","Los Angeles","Missed","Late","Missed","On-time","Missed","Late"
"CUST0373","24","42350","664","0.40160532617218","4","0","11251","0.32803919711133","retired","19","Standard","Phoenix","Late","On-time","On-time","Late","Missed","Late"
"CUST0374","20","76813","693","0.22067422884235","4","0","85678","0.3362040145859","retired","0","Platinum","Houston","On-time","On-time","On-time","Missed","Late","Late"
"CUST0375","34","101900","648","0.78770849690246","1","1","48942","0.31433438825959","Unemployed","14","Standard","Houston","Missed","Missed","Missed","Missed","On-time","Missed"
"CUST0376","50","","773","0.54196362574201","3","0","7468","0.18713770029873","Self-employed","5","Student","Phoenix","Missed","Missed","Late","On-time","Missed","Late"
"CUST0377","65","","781","0.93474767469365","4","0","26000","0.3467826725236","EMP","18","Gold","Phoenix","On-time","Late","On-time","Late","On-time","On-time"
"CUST0378","29","68932","535","0.68806432410818","2","0","82909","0.50812696287667","EMP","17","Standard","New York","Late","Late","On-time","Missed","On-time","Late"
"CUST0379","68","","","0.61026394495221","6","0","27490","0.32458968269129","EMP","5","Platinum","Phoenix","Missed","Missed","Missed","Late","On-time","Late"
"CUST0380","39","150230","742","0.41295913427661","5","1","33472","0.1","EMP","12","Platinum","Houston","Late","Late","On-time","Missed","Missed","Late"
"CUST0381","72","100999","823","0.28093088722862","3","0","13355","0.42408795720469","Unemployed","0","Gold","Phoenix","Late","On-time","Late","Missed","Late","On-time"
"CUST0382","39","88963","310","0.45645380310231","1","0","6118","0.22972522233006","Employed","12","Standard","New York","Missed","On-time","On-time","Late","Late","On-time"
"CUST0383","63","120616","345","0.27514148115883","3","0","98999","0.52657126904957","Unemployed","6","Student","New York","Late","Late","Missed","Missed","Late","Missed"
"CUST0384","47","61540","414","0.63003807614615","0","0","37658","0.3116363451366","EMP","14","Gold","New York","On-time","Missed","Missed","Late","On-time","Missed"
"CUST0385","55","53756","611","0.82653049953943","0","0","94309","0.13152993060142","Unemployed","11","Standard","New York","Missed","Late","Late","Missed","On-time","Missed"
"CUST0386","55","109297","806","0.44781754677657","4","0","33354","0.1","EMP","0","Business","Chicago","Missed","Missed","On-time","Late","Late","On-time"
"CUST0387","62","","383","0.68889819447824","4","0","48942","0.45397407626759","employed","14","Platinum","Phoenix","Late","Missed","Late","Missed","Missed","On-time"
"CUST0388","68","53304","469","0.36215418595663","2","0","31674","0.41059049859173","retired","3","Student","Los Angeles","Missed","Late","On-time","Late","On-time","Missed"
"CUST0389","71","173427","550","0.43950663235853","6","0","3081","0.52260188857667","Employed","12","Student","Phoenix","Missed","On-time","Missed","Late","Missed","Missed"
"CUST0390","25","140917","725","0.33700720308691","5","1","16454","0.30109244855736","employed","4","Student","Chicago","On-time","Missed","Late","Missed","Missed","Missed"
"CUST0391","44","96317","685","0.073373392985898","3","0","63375","0.29434701166203","Self-employed","1","Platinum","New York","Late","Late","Missed","Missed","On-time","Missed"
"CUST0392","44","93832","459","0.49269333001628","0","0","11587","0.26172812078414","Unemployed","0","Standard","Chicago","Late","On-time","Late","Late","Late","Missed"
"CUST0393","51","31896","834","0.52569034751955","4","0","49798","0.23417097587408","Self-employed","15","Gold","Houston","Late","Missed","On-time","On-time","Missed","Late"
"CUST0394","38","","622","0.71317219975233","5","0","44454","0.26075704455422","Unemployed","5","Standard","Houston","On-time","Missed","Late","On-time","Missed","On-time"
"CUST0395","47","70284","528","0.65908765053386","3","0","30575","0.3217463332324","retired","15","Gold","Phoenix","On-time","Late","On-time","On-time","Missed","Missed"
"CUST0396","50","72043","308","0.6617905798078","4","0","","0.21560992130879","employed","13","Student","Phoenix","On-time","On-time","On-time","Missed","Missed","Late"
"CUST0397","45","183152","656","0.30519275537642","4","0","24835","0.1330710653126","retired","2","Standard","Los Angeles","On-time","Late","On-time","Missed","On-time","Late"
"CUST0398","64","170576","337","0.59189946121414","0","0","19733","0.31598766340142","EMP","14","Student","Los Angeles","Late","Missed","Missed","Late","On-time","Missed"
"CUST0399","50","198401","523","0.81651879309632","0","0","52217","0.21338044013066","retired","2","Business","Houston","Late","Missed","Missed","Missed","Late","On-time"
"CUST0400","22","86726","584","0.57597357014182","4","0","60278","0.1","retired","1","Student","New York","On-time","Late","On-time","Late","Missed","On-time"
"CUST0401","65","180421","762","0.865718722613","1","0","91557","0.3552567390657","EMP","0","Student","Chicago","Missed","Missed","On-time","On-time","Missed","Late"
"CUST0402","36","107658","306","0.90379322222397","4","0","55345","0.1891940961883","Unemployed","8","Gold","Los Angeles","On-time","Missed","Missed","On-time","Late","Late"
"CUST0403","21","57318","770","0.44630634594167","5","1","3091","0.36617894546907","EMP","8","Business","Los Angeles","On-time","On-time","On-time","Late","Late","On-time"
"CUST0404","52","38524","563","0.36061205098388","4","0","32207","0.3637848106516","employed","6","Student","New York","On-time","On-time","Missed","On-time","Late","Missed"
"CUST0405","66","161377","380","0.34770756691621","2","0","98999","0.32835900115228","retired","2","Student","New York","Late","On-time","On-time","On-time","Missed","Missed"
"CUST0406","34","119573","360","0.19677283597935","6","0","90739","0.54968178403565","EMP","17","Business","Phoenix","Missed","Late","Late","Late","Missed","Late"
"CUST0407","61","167617","638","0.3963194201169","2","0","85780","0.28619481500276","retired","10","Business","Chicago","Missed","On-time","Missed","On-time","On-time","Late"
"CUST0408","45","","627","0.74153308995125","2","0","44303","0.27143604325014","employed","6","Standard","New York","On-time","Missed","On-time","Late","Missed","Missed"
"CUST0409","47","71570","341","0.059192484949752","1","0","39582","0.36836724214169","Self-employed","8","Gold","Los Angeles","On-time","Late","Late","Late","On-time","Late"
"CUST0410","46","165580","734","0.29250931985725","1","0","1217","0.29445526378862","employed","0","Business","Los Angeles","On-time","Late","Missed","On-time","Missed","On-time"
"CUST0411","63","154487","595","0.4745737116696","4","0","89616","0.4160493537394","Employed","13","Business","Houston","On-time","Missed","Missed","Missed","Late","Missed"
"CUST0412","70","130359","835","0.32456295987566","2","0","47906","0.17311940924245","Employed","19","Platinum","New York","Missed","On-time","Late","Late","Late","Missed"
"CUST0413","23","58919","784","0.39454281115195","1","0","","0.17478255525357","Employed","5","Business","Phoenix","Missed","On-time","Late","Missed","On-time","Late"
"CUST0414","52","109074","401","0.39753406511554","0","0","61210","0.37658094913262","retired","6","Gold","Chicago","Late","Missed","On-time","On-time","Missed","Missed"
"CUST0415","58","152326","474","0.44849195598765","4","1","5626","0.18351890606614","Unemployed","9","Student","Phoenix","On-time","Missed","Late","Missed","On-time","Late"
"CUST0416","54","40934","694","0.35410906077805","5","0","62561","0.36090986064427","Unemployed","6","Student","Los Angeles","Missed","Late","Late","On-time","Missed","Late"
"CUST0417","41","126888","793","0.33775735722889","6","0","63412","0.33700028462104","Unemployed","1","Student","Phoenix","Late","On-time","On-time","Late","Missed","Late"
"CUST0418","46","73243","595","0.68686194918425","3","0","62253","0.23055117139723","retired","3","Student","Los Angeles","Late","Late","Late","On-time","On-time","Late"
"CUST0419","66","","452","0.70993083557207","4","0","46333","0.33671701602334","employed","16","Platinum","Los Angeles","Late","Late","Late","Late","On-time","On-time"
"CUST0420","63","65990","766","0.22389133095052","3","0","62253","0.17654075542158","Unemployed","0","Business","Los Angeles","Late","Late","Late","On-time","On-time","Missed"
"CUST0421","70","180983","711","0.05","2","0","73733","0.20001000737363","Self-employed","9","Student","Los Angeles","Missed","Missed","Late","Missed","On-time","Missed"
"CUST0422","48","196415","415","0.71267496991419","6","0","95276","0.27628122615879","Employed","18","Standard","Los Angeles","On-time","Late","Late","On-time","Missed","Missed"
"CUST0423","52","179506","398","0.25423991628957","3","0","59691","0.30789278190722","employed","14","Student","Houston","On-time","Late","Missed","On-time","On-time","Missed"
"CUST0424","50","71570","634","0.54254896769195","2","1","36820","0.26963614630121","Employed","9","Business","Phoenix","Missed","Late","Missed","On-time","Late","Late"
"CUST0425","69","104588","811","0.18686562539436","0","0","65548","0.34331159638731","Unemployed","18","Student","Houston","Missed","On-time","Missed","Missed","Missed","Late"
"CUST0426","38","146800","500","0.75955099705193","3","0","29584","0.33884664150483","employed","11","Platinum","Houston","Late","On-time","Missed","Missed","Late","Late"
"CUST0427","49","163216","768","1.0087335790603","6","0","60530","0.45293668083481","EMP","15","Gold","New York","Late","On-time","Missed","Late","Late","Missed"
"CUST0428","40","193677","320","0.53656138184107","4","0","36913","0.2904714652855","Self-employed","8","Gold","New York","Missed","On-time","Missed","On-time","Late","Missed"
"CUST0429","50","38049","673","0.4811794703081","2","0","62342","0.41945634311841","Unemployed","14","Business","New York","On-time","Missed","On-time","Late","Late","On-time"
"CUST0430","20","129821","536","0.43557208496199","4","1","49798","0.39207255128939","Unemployed","16","Gold","Chicago","Missed","On-time","Missed","Late","Late","On-time"
"CUST0431","35","115235","691","0.65635986226258","6","0","95276","0.52939772832931","Self-employed","13","Gold","New York","Missed","On-time","Late","On-time","Late","Missed"
"CUST0432","42","108610","467","0.61353735018692","1","0","55812","0.28727419800977","Self-employed","17","Standard","Phoenix","On-time","Late","Missed","On-time","Late","Missed"
"CUST0433","59","31364","739","0.70069969071057","2","0","24851","0.2579641278547","EMP","1","Business","Houston","On-time","Late","On-time","Missed","On-time","Missed"
"CUST0434","48","184160","572","0.37441669548038","3","0","78289","0.42576942222437","Unemployed","3","Business","Phoenix","Late","Late","Late","Late","Missed","Late"
"CUST0435","71","59238","401","0.56802354128093","2","0","20052","0.33854325717413","retired","17","Gold","New York","Missed","On-time","Missed","Missed","Missed","On-time"
"CUST0436","20","68682","339","0.39150638665876","4","0","88778","0.42816592167839","Unemployed","6","Gold","Chicago","Late","Missed","Late","On-time","On-time","Late"
"CUST0437","57","28807","794","0.28845687038599","0","0","95136","0.37167987979895","Employed","12","Gold","Chicago","Missed","Late","On-time","Missed","Late","Missed"
"CUST0438","63","","799","0.49179691579931","2","0","41743","0.1","employed","14","Platinum","Houston","Missed","On-time","Late","On-time","Late","On-time"
"CUST0439","41","20569","427","0.31549745392458","3","0","87110","0.33763217770312","employed","0","Student","Phoenix","Late","On-time","On-time","Late","On-time","On-time"
"CUST0440","67","25916","762","0.73474539954852","1","0","","0.33112158979515","Employed","10","Platinum","Los Angeles","Missed","Missed","Late","On-time","Missed","Late"
"CUST0441","49","127566","328","0.32761592439684","5","0","82438","0.3133106902464","employed","9","Business","Phoenix","Missed","Missed","Missed","Missed","Missed","Missed"
"CUST0442","64","33888","398","0.57270918813747","0","0","1806","0.28677569458766","Self-employed","4","Standard","New York","Missed","Late","Late","On-time","On-time","Missed"
"CUST0443","39","152162","446","0.37931554024806","1","0","4106","0.14078564722057","employed","15","Student","Los Angeles","On-time","Late","On-time","On-time","On-time","On-time"
"CUST0444","40","170026","788","0.5554125500875","2","0","95376","0.38741769172383","employed","10","Standard","Chicago","On-time","Missed","On-time","Late","On-time","On-time"
"CUST0445","19","51187","549","0.39520068530893","4","0","65387","0.33737684280935","Employed","5","Business","Houston","Missed","Late","Late","On-time","Missed","Missed"
"CUST0446","44","108396","378","0.24855774502849","6","1","85678","0.41019566973974","EMP","8","Business","Houston","On-time","Late","On-time","Late","Missed","On-time"
"CUST0447","59","16062","690","0.59675454819037","4","0","73117","0.14612444757247","employed","12","Standard","Chicago","Missed","On-time","On-time","Missed","Missed","On-time"
"CUST0448","19","167617","700","0.45291687561735","3","0","52256","0.35071344895453","retired","7","Standard","New York","Missed","Missed","Late","On-time","Missed","Missed"
"CUST0449","43","187627","584","0.55719698814449","4","0","10778","0.27653406624534","employed","13","Standard","Chicago","On-time","On-time","Missed","Missed","Missed","On-time"
"CUST0450","34","115235","781","0.41423141287391","0","0","62010","0.31437880099255","EMP","0","Business","New York","Missed","Late","On-time","On-time","Late","Missed"
"CUST0451","57","","528","0.23441269724631","4","0","29845","0.27768403658191","Employed","16","Gold","Los Angeles","On-time","Late","On-time","On-time","On-time","Missed"
"CUST0452","50","99076","332","0.71663571941125","3","0","62010","0.35436079274801","EMP","4","Standard","Chicago","On-time","Missed","Missed","On-time","Missed","Missed"
"CUST0453","26","190333","462","0.64735155108822","5","1","29416","0.28371268790084","Employed","1","Student","New York","Late","Late","Missed","Missed","Late","Missed"
"CUST0454","60","65612","588","0.38660780488935","2","0","","0.19480850749443","Self-employed","8","Business","Los Angeles","Missed","Missed","On-time","Late","On-time","Missed"
"CUST0455","71","162851","622","0.51395584269976","6","0","77743","0.30864254187862","Employed","3","Platinum","Chicago","On-time","Missed","Late","Late","Missed","Missed"
"CUST0456","65","75566","338","0.70840389663259","2","0","83236","0.27858254628645","Self-employed","16","Platinum","Houston","Late","Missed","Late","On-time","Late","On-time"
"CUST0457","56","177993","739","0.40859233282752","4","0","24120","0.29166063788711","Self-employed","16","Student","Chicago","Late","Late","Missed","On-time","Late","On-time"
"CUST0458","46","38049","758","0.43962309896189","1","0","71588","0.1","Employed","17","Gold","Phoenix","Late","Missed","Late","Missed","Late","On-time"
"CUST0459","59","","350","0.54872650000147","2","0","24835","0.36826360835687","retired","15","Standard","Chicago","Missed","Late","On-time","On-time","Missed","Late"
"CUST0460","72","125448","354","0.40818178728908","5","0","","0.26853363826532","Unemployed","7","Business","Phoenix","Late","Late","Late","Missed","Late","Missed"
"CUST0461","43","146800","459","0.6714183993974","4","1","17913","0.16518464259817","Employed","10","Standard","Los Angeles","Missed","Missed","On-time","On-time","Late","Missed"
"CUST0462","52","134180","757","0.46621984393851","6","0","16693","0.39225635168481","employed","17","Business","Chicago","Late","Missed","Late","Missed","Missed","On-time"
"CUST0463","67","64922","658","0.34319282500121","3","0","67397","0.36363657277529","retired","9","Platinum","Los Angeles","On-time","Late","Late","Missed","On-time","On-time"
"CUST0464","42","","837","0.6217277659748","5","0","45776","0.26726798037251","retired","12","Standard","Los Angeles","On-time","Missed","On-time","Late","Late","Late"
"CUST0465","41","24435","766","0.27157387011373","4","0","60530","0.184783062048","employed","16","Student","New York","Missed","On-time","Missed","Missed","Missed","Late"
"CUST0466","30","","664","0.90297571222484","5","0","","0.31780307346794","Unemployed","17","Gold","Los Angeles","Missed","Missed","Missed","Late","On-time","On-time"
"CUST0467","24","193998","700","0.81649927271604","2","0","18952","0.31231060845876","retired","9","Student","Los Angeles","Missed","On-time","On-time","Late","Late","Missed"
"CUST0468","74","164143","580","0.6026990953842","6","0","44449","0.39243342829918","Self-employed","15","Gold","Chicago","Missed","Late","On-time","Missed","Missed","Late"
"CUST0469","53","191615","796","0.58586620436398","3","0","42551","0.25562644851395","Unemployed","19","Standard","Chicago","Late","Late","On-time","Late","Late","Late"
"CUST0470","62","75566","845","0.57648828356386","4","0","82482","0.4194922134865","employed","4","Standard","Houston","Late","Late","Late","Missed","Late","Missed"
"CUST0471","37","167424","813","0.40218104281622","0","0","33772","0.24597469966642","Unemployed","12","Gold","New York","On-time","On-time","Missed","Late","Missed","On-time"
"CUST0472","18","53513","617","0.55946192913617","3","0","43870","0.16541682154576","Employed","17","Platinum","Los Angeles","Late","On-time","On-time","Missed","On-time","Late"
"CUST0473","25","155932","754","0.31537347790843","0","0","23685","0.18677172445227","Unemployed","16","Business","New York","On-time","Late","Late","Missed","On-time","Missed"
"CUST0474","63","","475","0.60076368368804","5","0","75316","0.29375884608644","Self-employed","8","Student","Phoenix","Missed","On-time","Missed","Late","Late","Late"
"CUST0475","33","38049","508","0.67356938860626","1","0","60348","0.29344854909413","Employed","13","Student","Los Angeles","On-time","Late","On-time","Late","Late","Late"
"CUST0476","31","169786","822","0.42438277980333","3","0","48437","0.33278611407508","EMP","16","Student","New York","Late","Missed","Late","On-time","On-time","Missed"
"CUST0477","29","52744","796","0.38097964116906","5","0","44439","0.29096259688816","employed","3","Standard","Houston","On-time","Late","Missed","Missed","Missed","Late"
"CUST0478","68","24435","307","0.25750459507042","0","1","20374","0.39773185160643","employed","17","Student","Houston","On-time","On-time","Missed","Late","Missed","On-time"
"CUST0479","40","87474","429","0.79159104671314","2","0","26417","0.27389059015374","Unemployed","19","Business","Los Angeles","On-time","Late","Missed","On-time","On-time","On-time"
"CUST0480","32","86726","799","0.39686719323156","2","0","54622","0.10037237351286","retired","14","Business","Phoenix","Late","On-time","On-time","Missed","Late","On-time"
"CUST0481","45","59482","346","0.46025219279668","1","0","85678","0.28789033115342","Employed","10","Gold","Houston","Late","On-time","On-time","Missed","On-time","Late"
"CUST0482","51","59811","792","0.56003111699914","3","0","","0.1","EMP","11","Standard","Houston","Late","Late","Late","On-time","On-time","Late"
"CUST0483","19","","766","0.55644152857799","3","0","","0.32713909809977","Employed","8","Business","Phoenix","Missed","On-time","Late","Late","Missed","Late"
"CUST0484","49","147396","401","0.64931201913621","3","0","7468","0.40571929989849","employed","12","Platinum","New York","Missed","On-time","On-time","Late","Missed","On-time"
"CUST0485","40","116570","556","0.42413401603233","5","0","76567","0.20137755137175","Employed","14","Standard","Houston","Missed","On-time","Late","Missed","On-time","On-time"
"CUST0486","39","39285","567","0.27226641230582","6","0","37463","0.44185566863919","EMP","14","Standard","Chicago","Missed","Missed","On-time","Late","Missed","Late"
"CUST0487","68","43732","524","0.23726693820554","6","0","53553","0.38428312447284","retired","4","Business","Houston","On-time","Late","On-time","On-time","On-time","On-time"
"CUST0488","42","188420","550","0.38414895343143","1","0","86846","0.4206480155415","Unemployed","18","Platinum","New York","On-time","Missed","Late","Missed","Missed","On-time"
"CUST0489","39","115497","665","0.30962990506507","3","0","64110","0.31895638564346","Self-employed","19","Gold","New York","Late","Missed","Late","On-time","On-time","Missed"
"CUST0490","39","153877","618","0.43927665893845","5","0","36029","0.20072348242482","Employed","13","Business","Los Angeles","On-time","Missed","On-time","On-time","Late","On-time"
"CUST0491","66","54954","825","0.761515762152","2","0","77743","0.37808154278141","Self-employed","16","Platinum","Chicago","Late","Missed","On-time","On-time","Missed","On-time"
"CUST0492","69","177993","818","0.42454435882326","0","0","32630","0.23753990932317","employed","17","Standard","New York","Missed","Missed","Missed","Late","Late","On-time"
"CUST0493","59","191517","813","0.42446982773309","5","0","23047","0.31178845061033","Unemployed","2","Platinum","Phoenix","Missed","Missed","Late","Late","On-time","Late"
"CUST0494","23","168487","306","0.49672024474884","6","0","5539","0.28286490071964","Unemployed","1","Standard","Chicago","Missed","On-time","On-time","On-time","Missed","On-time"
"CUST0495","32","","811","0.41887500175759","6","1","16699","0.41246958567969","Employed","0","Business","Chicago","Late","Late","Late","On-time","On-time","On-time"
"CUST0496","71","48307","688","0.48652175285636","2","0","12707","0.37303270059233","retired","9","Business","Phoenix","On-time","On-time","Missed","On-time","On-time","Late"
"CUST0497","60","86180","836","0.60817384449627","2","1","45595","0.29194342016876","Unemployed","18","Student","Houston","On-time","On-time","Late","Late","Late","Missed"
"CUST0498","54","152326","847","0.67695021095266","0","0","44449","0.10483928064598","Employed","16","Student","Phoenix","On-time","Late","Late","On-time","Late","Missed"
"CUST0499","50","105852","343","0.7006426399478","2","1","11155","0.23647725334708","Employed","11","Student","Phoenix","Late","On-time","Late","Missed","On-time","Missed"
"CUST0500","25","40945","442","0.9113704441462","1","0","36968","0.37042222894844","Self-employed","0","Business","Houston","Missed","Late","Late","On-time","Late","On-time"
